Title,Genre,Premiere,Seasons&Total episodes,Runtime,Status,Language,Release_year,Total episodes,Seasons,Runtime_min (min),Runtime_max (min),Average_Runtime (min)
Stranger Things,Science fictionhorror,"July 15, 2016","4 seasons, 34 episodes",42–150 min,Final season due to premiere in 2025,English,2016,34,4,42.0,150.0,96.0
Virgin River,Romantic drama,"December 6, 2019","5 seasons, 54 episodes",39–52 min,Season 6 due to premiere in 2025,English,2019,54,5,39.0,52.0,45.5
The Witcher,Fantasydrama,"December 20, 2019","3 seasons, 24 episodes",47–67 min,Renewed for seasons 4–5 (final),English,2019,24,3,47.0,67.0,57.0
Outer Banks,Coming-of-agedrama,"April 15, 2020","3 seasons, 30 episodes",42–79 min,Season 4 due to premiere in 2024,English,2020,30,3,42.0,79.0,60.5
Sweet Magnolias,Romantic drama,"May 19, 2020","3 seasons, 30 episodes",43–54 min,Season 4 due to premiere in 2025,English,2020,30,3,43.0,54.0,48.5
Blood & Water,Teen drama,"May 20, 2020","4 seasons, 25 episodes",42–53 min,Pending,English,2020,25,4,42.0,53.0,47.5
Bridgerton,Alternate historicalromance,"December 25, 2020","3 seasons, 24 episodes",52–73 min,Renewed,English,2020,24,3,52.0,73.0,62.5
Ginny & Georgia,Coming-of-agedrama,"February 24, 2021","2 seasons, 20 episodes",52–62 min,Season 3 due to premiere in 2025Renewed for season 4,English,2021,20,2,52.0,62.0,57.0
Savage Beauty,Drama,"May 12, 2022","2 seasons, 12 episodes",42–54 min,Pending,English,2022,12,2,42.0,54.0,48.0
The Lincoln Lawyer,Legal thriller,"May 13, 2022","2 seasons, 20 episodes",43–55 min,"Season 3 due to premiere on October 17, 2024",English,2022,20,2,43.0,55.0,49.0
The Sandman,Fantasy,"August 5, 2022","1 season, 11 episodes",37–64 min,Renewed,English,2022,11,1,37.0,64.0,50.5
Heartbreak High,Teen drama,"September 14, 2022","2 seasons, 16 episodes",45–52 min,Renewed for final season,English,2022,16,2,45.0,52.0,48.5
The Watcher,Horror,"October 13, 2022","1 season, 7 episodes",44–52 min,Season 2 due to premiere in 2025,English,2022,7,1,44.0,52.0,48.0
The Recruit,Spyadventure,"December 16, 2022","1 season, 8 episodes",50–58 min,Season 2 due to premiere in 2025,English,2022,8,1,50.0,58.0,54.0
The Night Agent,Political thriller,"March 23, 2023","1 season, 10 episodes",45–56 min,Season 2 due to premiere in 2024,English,2023,10,1,45.0,56.0,50.5
The Diplomat,Political thriller,"April 20, 2023","1 season, 8 episodes",44–56 min,"Season 2 due to premiere on October 31, 2024",English,2023,8,1,44.0,56.0,50.0
Miseducation,Coming-of-agedrama,"September 15, 2023","1 season, 6 episodes",33–42 min,Pending,English,2023,6,1,33.0,42.0,37.5
My Life with the Walter Boys,Romantic drama,"December 7, 2023","1 season, 10 episodes",38–56 min,Renewed,English,2023,10,1,38.0,56.0,47.0
3 Body Problem,Science fiction,"March 21, 2024","1 season, 8 episodes",44–63 min,Renewed for seasons 2–3,English,2024,8,1,44.0,63.0,53.5
Dead Boy Detectives,Supernatural drama,"April 25, 2024","1 season, 8 episodes",52–57 min,Pending,English,2024,8,1,52.0,57.0,54.5
Postcards,Drama,"May 3, 2024","1 season, 6 episodes",26–37 min,Pending,English,2024,6,1,26.0,37.0,31.5
Supacell,Superherodrama,"June 27, 2024","1 season, 6 episodes",46–59 min,Renewed,English,2024,6,1,46.0,59.0,52.5
The Perfect Couple,Crime drama,"September 5, 2024",6 episodes,TBA,Miniseries,English,2024,6,6,,Unknown,Unknown
Monsters: The Lyle and Erik Menendez Story,Crime dramaminiseries,"September 19, 2024",TBA,TBA,Miniseries,English,2024,,,,Unknown,Unknown
Territory,Drama,"October 24, 2024",TBA,TBA,Pending,English,2024,,,,Unknown,Unknown
The Madness,Conspiracy thrillerminiseries,"November 28, 2024",8 episodes,TBA,Miniseries,English,2024,8,8,,Unknown,Unknown
Emily in Paris,Comedy drama,"October 2, 2020","4 seasons, 35 episodes",24–38 min,"Season 4 part 2 due to premiere on September 12, 2024",English,2020,35,4,24.0,38.0,31.0
The Upshaws,Sitcom,"May 12, 2021","5 parts, 38 episodes",22–30 min,Renewed for parts 6–7 (final),English,2021,38,5,22.0,30.0,26.0
Mo,Comedy,"August 24, 2022","1 season, 8 episodes",21–31 min,Final season due to premiere in 2024,English,2022,8,1,21.0,31.0,26.0
Wednesday,Comedy horror,"November 23, 2022","1 season, 8 episodes",47–59 min,Renewed,English,2022,8,1,47.0,59.0,53.0
That '90s Show,Period teen sitcom,"January 19, 2023","3 parts, 26 episodes",20–30 min,Pending,English,2023,26,3,20.0,30.0,25.0
Unstable,Workplace comedy,"March 30, 2023","2 seasons, 16 episodes",20–30 min,Pending,English,2023,16,2,20.0,30.0,25.0
"XO, Kitty",Romance comedy drama,"May 18, 2023","1 season, 10 episodes",24–34 min,Renewed,English,2023,10,1,24.0,34.0,29.0
FUBAR,Spy action comedy,"May 25, 2023","1 season, 8 episodes",45–59 min,Renewed,English,2023,8,1,45.0,59.0,52.0
Survival of the Thickest,Comedy drama,"July 13, 2023","1 season, 8 episodes",24–28 min,Renewed,English,2023,8,1,24.0,28.0,26.0
Neon,Comedy,"October 19, 2023","1 season, 8 episodes",26–30 min,Pending,English,2023,8,1,26.0,30.0,28.0
Yoh! Christmas,Comedy,"December 15, 2023","1 season, 6 episodes",31–37 min,Pending,English,2023,6,1,31.0,37.0,34.0
The Vince Staples Show,Comedy,"February 15, 2024","1 season, 5 episodes",19–26 min,Renewed,English,2024,5,1,19.0,26.0,22.5
The Gentlemen,Action comedy,"March 7, 2024","1 season, 8 episodes",41–67 min,Renewed,English,2024,8,1,41.0,67.0,54.0
Bodkin,Thriller comedy drama,"May 9, 2024","1 season, 7 episodes",44–56 min,Pending,English,2024,7,1,44.0,56.0,50.0
Tires,Workplace comedy,"May 23, 2024","1 season, 6 episodes",18–22 min,Renewed,English,2024,6,1,18.0,22.0,20.0
How to Ruin Love,Comedy,"May 31, 2024","1 season, 4 episodes",43–50 min,Pending,English,2024,4,1,43.0,50.0,46.5
Kaos,Dark comedy,"August 29, 2024","1 season, 8 episodes",60 min,Pending,English,2024,8,1,60.0,60.0,60.0
Nobody Wants This,Comedy,"September 26, 2024","1 season, 10 episodes",30 min,Pending,English,2024,10,1,30.0,30.0,30.0
Heartstopper,Teen drama,"April 22, 2022","2 seasons, 16 episodes",26–40 min,"Season 3 due to premiere on October 3, 2024",English,2022,16,2,26.0,40.0,33.0
One Piece,Action-adventure,"August 31, 2023","1 season, 8 episodes",49–64 min,Season 2 due to premiere in 2025,English,2023,8,1,49.0,64.0,56.5
Avatar: The Last Airbender,Fantasy,"February 22, 2024","1 season, 8 episodes",47–63 min,Renewed for seasons 2–3 (final),English,2024,8,1,47.0,63.0,55.0
Geek Girl,Teen drama,"May 30, 2024","1 season, 10 episodes",28–37 min,Pending,English,2024,10,1,28.0,37.0,32.5
Blood of Zeus,Fantasy action,"October 27, 2020","2 seasons, 16 episodes",24–37 min,Final season due to premiere in 2025,English,2020,16,2,24.0,37.0,30.5
Castlevania: Nocturne,Dark fantasy,"September 28, 2023","1 season, 8 episodes",24–30 min,Renewed,English,2023,8,1,24.0,30.0,27.0
Good Night World,Fantasy,"October 12, 2023","1 season, 12 episodes",24–30 min,Pending,Japanese,2023,12,1,24.0,30.0,27.0
Captain Laserhawk: A Blood Dragon Remix,Science fiction,"October 19, 2023","1 season, 6 episodes",20–25 min,Pending,English,2023,6,1,20.0,25.0,22.5
Pluto,Science fiction,"October 26, 2023","1 season, 8 episodes",56–71 min,Pending,Japanese,2023,8,1,56.0,71.0,63.5
Onimusha,Action-adventure,"November 2, 2023","1 season, 8 episodes",22–36 min,Pending,Japanese,2023,8,1,22.0,36.0,29.0
Akuma-kun,Fantasy,"November 9, 2023","1 season, 12 episodes",21–28 min,Pending,Japanese,2023,12,1,21.0,28.0,24.5
Scott Pilgrim Takes Off,Fantasy romantic comedy,"November 17, 2023","1 season, 8 episodes",26–29 min,Pending,English,2023,8,1,26.0,29.0,27.5
My Daemon,Fantasy adventure,"November 23, 2023","1 season, 13 episodes",23–31 min,Pending,Japanese,2023,13,1,23.0,31.0,27.0
Onmyōji,Historical fantasy,"November 28, 2023","1 season, 13 episodes",25–27 min,Pending,Japanese,2023,13,1,25.0,27.0,26.0
Pokémon Concierge,Stop-motion fantasy,"December 28, 2023","1 season, 4 episodes",14–20 min,Renewed,Japanese,2023,4,1,14.0,20.0,17.0
The Grimm Variations,Dark fantasy anthology,"April 17, 2024","1 season, 6 episodes",32–46 min,Pending,Japanese,2024,6,1,32.0,46.0,39.0
T・P BON,Science fiction,"May 2, 2024","2 seasons, 24 episodes",26–33 min,Pending,Japanese,2024,24,2,26.0,33.0,29.5
Garouden: The Way of the Lone Wolf,Martial arts,"May 23, 2024","1 season, 8 episodes",23–28 min,Pending,Japanese,2024,8,1,23.0,28.0,25.5
Rising Impact,Sports,"June 22, 2024","2 seasons, 26 episodes",22–28 min,Pending,Japanese,2024,26,2,22.0,28.0,25.0
Terminator Zero,Science fiction,"August 29, 2024","1 season, 8 episodes",TBA,Pending,English,2024,8,1,,Unknown,Unknown
Tomb Raider: The Legend of Lara Croft,Action-adventure,"October 10, 2024","1 season, 10 episodes",TBA,Pending,English,2024,10,1,,Unknown,Unknown
Gundam: Requiem for Vengeance,Mecha / military science fiction,"October 17, 2024","1 season, 6 episodes",TBA,Pending,English,2024,6,1,,Unknown,Unknown
The Dragon Prince,Fantasy action adventure,"September 14, 2018","6 seasons, 54 episodes",24–33 min,"Final season due to premiere on December 19, 2024",English,2018,54,6,24.0,33.0,28.5
Gabby's Dollhouse,Preschool adventure fantasy,"January 5, 2021","10 seasons, 70 episodes",23–30 min,Renewed,English,2021,70,10,23.0,30.0,26.5
"Go, Dog. Go!",Preschool comedy,"January 26, 2021","4 seasons, 40 episodes",24 min,Pending,English,2021,40,4,24.0,24.0,24.0
Oggy Oggy,Preschool adventure comedy,"August 24, 2021","3 seasons, 52 episodes",22 min,Pending,No spoken language,2021,52,3,22.0,22.0,22.0
The Creature Cases,Preschool action comedy,"April 12, 2022","3 chapters, 20 episodes",27–29 min,"Chapter 4 due to premiere on December 2, 2024",English,2022,20,3,27.0,29.0,28.0
Sonic Prime,Fantasy action adventure,"December 15, 2022","3 seasons, 23 episodes",21–43 min,Pending,English,2022,23,3,21.0,43.0,32.0
Princess Power,Fantasy musical,"January 30, 2023","3 seasons, 45 episodes",14–34 min,Pending,English,2023,45,3,14.0,34.0,24.0
Not Quite Narwhal,Preschool fantasy,"June 19, 2023","2 seasons, 39 episodes",13–24 min,Pending,English,2023,39,2,13.0,24.0,18.5
Supa Team 4,Superhero action comedy,"July 20, 2023","2 seasons, 16 episodes",26–30 min,Pending,English,2023,16,2,26.0,30.0,28.0
Dew Drop Diaries,Preschool fantasy,"July 24, 2023","2 seasons, 40 episodes",13–30 min,Pending,English,2023,40,2,13.0,30.0,21.5
Little Baby Bum: Music Time,Preschool musical,"September 25, 2023","2 seasons, 18 episodes",23–42 min,Pending,English,2023,18,2,23.0,42.0,32.5
Unicorn Academy,Fantasy action adventure,"November 2, 2023","2 chapters, 19 episodes",24–75 min,Pending,English,2023,19,2,24.0,75.0,49.5
CoComelon Lane,Preschool musical,"November 17, 2023","3 seasons, 15 episodes",25–33 min,Pending,English,2023,15,3,25.0,33.0,29.0
Mighty Bheem's Playtime,Preschool comedy,"January 29, 2024","1 season, 10 episodes",14–15 min,Pending,No spoken language,2024,10,1,14.0,15.0,14.5
Dee & Friends in Oz,Fantasy adventure musical,"February 5, 2024","2 parts, 17 episodes",25–47 min,Pending,English,2024,17,2,25.0,47.0,36.0
Hot Wheels Let's Race,Adventure comedy,"March 4, 2024","1 season, 10 episodes",23–24 min,"Season 2 due to premiere on September 9, 2024",English,2024,10,1,23.0,24.0,23.5
Bad Dinosaurs,Adventure comedy,"March 28, 2024","1 season, 8 episodes",20–22 min,Pending,English,2024,8,1,20.0,22.0,21.0
Jurassic World: Chaos Theory,Science fiction action adventure,"May 24, 2024","1 season, 10 episodes",23 min,"Season 2 due to premiere October 17, 2024",English,2024,10,1,23.0,23.0,23.0
Wonderoos,Preschool comedy,"July 15, 2024","1 season, 20 episodes",14 min,"Season 2 due to premiere on November 18, 2024",English,2024,20,1,14.0,14.0,14.0
Mighty MonsterWheelies,Preschool,"October 14, 2024",TBA,TBA,Pending,English,2024,,,,Unknown,Unknown
AlRawabi School for Girls,Drama,"August 12, 2021","2 seasons, 12 episodes",44–71 min,Pending,Arabic,2021,12,2,44.0,71.0,57.5
Finding Ola,Comedy drama,"February 3, 2022","1 season, 6 episodes",46–55 min,Season 2 due to premiere in 2024,Arabic,2022,6,1,46.0,55.0,50.5
The Exchange,Drama,"February 8, 2023","1 season, 6 episodes",48–57 min,Season 2 due to premiere in 2024,Arabic,2023,6,1,48.0,57.0,52.5
Crashing Eid,Comedy drama,"November 15, 2023","1 season, 4 episodes",46–48 min,Pending,Arabic,2023,4,1,46.0,48.0,47.0
Lupin,Mystery thriller,"January 8, 2021","3 parts, 17 episodes",40–52 min,Pending,French,2021,17,3,40.0,52.0,46.0
Represent,Comedy,"January 20, 2023","1 season, 6 episodes",26–34 min,"Season 2 due to premiere on August 29, 2024",French,2023,6,1,26.0,34.0,30.0
Blood Coast,Crime drama,"December 6, 2023","1 season, 6 episodes",48–56 min,Season 2 due to premiere in 2025,French,2023,6,1,48.0,56.0,52.0
Furies,Action,"March 1, 2024","1 season, 8 episodes",39–50 min,Pending,French,2024,8,1,39.0,50.0,44.5
How to Sell Drugs Online (Fast),Dark comedy,"May 31, 2019","3 seasons, 18 episodes",24–36 min,Season 4 due to premiere in 2024,German,2019,18,3,24.0,36.0,30.0
Kleo,Thriller,"August 19, 2022","2 seasons, 14 episodes",41–56 min,Pending,German,2022,14,2,41.0,56.0,48.5
The Empress,Historical drama,"September 29, 2022","1 season, 6 episodes",51–61 min,Season 2 due to premiere in 2024,German,2022,6,1,51.0,61.0,56.0
Crooks,Crime drama,"April 4, 2024","1 season, 8 episodes",39–66 min,Renewed,German,2024,8,1,39.0,66.0,52.5
Murder Mindfully,Dark comedy,"October 31, 2024",8 episodes,TBA,Miniseries,German,2024,8,8,,Unknown,Unknown
Delhi Crime,Police procedural,"March 22, 2019","2 seasons, 12 episodes",36–64 min,Renewed,Hindi,2019,12,2,36.0,64.0,50.0
She,Crime drama,"March 20, 2020","2 seasons, 14 episodes",31–51 min,Season 3 due to premiere in 2024,Hindi,2020,14,2,31.0,51.0,41.0
Mismatched,Romantic comedy,"November 20, 2020","2 seasons, 14 episodes",29–42 min,Renewed,Hindi,2020,14,2,29.0,42.0,35.5
Yeh Kaali Kaali Ankhein,Romantic thriller,"January 14, 2022","1 season, 8 episodes",31–51 min,Renewed,Hindi,2022,8,1,31.0,51.0,41.0
Class,Teen crime thriller,"February 3, 2023","1 season, 8 episodes",47–58 min,Renewed,Hindi,2023,8,1,47.0,58.0,52.5
Rana Naidu,Crime drama,"March 10, 2023","1 season, 10 episodes",39–50 min,Renewed,Hindi,2023,10,1,39.0,50.0,44.5
Guns & Gulaabs,Crime comedy thriller,"August 18, 2023","1 season, 7 episodes",44–81 min,Renewed,Hindi,2023,7,1,44.0,81.0,62.5
Kaala Paani,Drama,"October 18, 2023","1 season, 7 episodes",57–70 min,Renewed,Hindi,2023,7,1,57.0,70.0,63.5
Killer Soup,Dark comedy/Crime thriller,"January 11, 2024","1 season, 8 episodes",43–59 min,Pending,Hindi,2024,8,1,43.0,59.0,51.0
Maamla Legal Hai,Legal comedy drama,"March 1, 2024","1 season, 8 episodes",27–38 min,Renewed,Hindi,2024,8,1,27.0,38.0,32.5
Heeramandi: The Diamond Bazaar,Romantic drama,"May 1, 2024","1 season, 8 episodes",46–67 min,Renewed,Hindi,2024,8,1,46.0,67.0,56.5
Tribhuvan Mishra CA Topper,Dark comedy,"July 18, 2024","1 season, 9 episodes",44–67 min,Pending,Hindi,2024,9,1,44.0,67.0,55.5
IC 814: The Kandahar Hijack,Thriller,"August 29, 2024",8 episodes,TBA,Miniseries,Hindi,2024,8,8,,Unknown,Unknown
Cigarette Girl,Period drama,"November 2, 2023","1 season, 5 episodes",58–74 min,Pending,Indonesian,2023,5,1,58.0,74.0,66.0
Comedy Chaos,Sitcom,"February 16, 2024","1 season, 10 episodes",27–34 min,Pending,Indonesian,2024,10,1,27.0,34.0,30.5
Joko Anwar's Nightmares and Daydreams,Science fiction anthology,"June 14, 2024","1 season, 7 episodes",46–62 min,Pending,Indonesian,2024,7,1,46.0,62.0,54.0
Di4ries,Coming-of-age,"May 18, 2022","2 seasons, 29 episodes",24–52 min,Pending,Italian,2022,29,2,24.0,52.0,38.0
Everything Calls for Salvation,Drama,"October 14, 2022","1 season, 7 episodes",42–49 min,"Season 2 due to premiere on September 26, 2024",Italian,2022,7,1,42.0,49.0,45.5
I Hate Christmas,Comedy,"December 7, 2022","2 seasons, 12 episodes",28–39 min,Pending,Italian,2022,12,2,28.0,39.0,33.5
The Law According to Lidia Poët,Period legal drama,"February 15, 2023","1 season, 6 episodes",44–52 min,Season 2 due to premiere in 2024,Italian,2023,6,1,44.0,52.0,48.0
Suburræterna,Crime drama,"November 14, 2023","1 season, 8 episodes",40–49 min,Pending,Italian,2023,8,1,40.0,49.0,44.5
Supersex,Biopic,"March 6, 2024","1 season, 7 episodes",42–55 min,Pending,Italian,2024,7,1,42.0,55.0,48.5
Brigands: The Quest for Gold,Historical drama,"April 23, 2024","1 season, 6 episodes",39–58 min,Pending,Italian,2024,6,1,39.0,58.0,48.5
Deceitful Love,Romantic drama,"October 9, 2024",TBA,TBA,Miniseries,Italian,2024,,,,Unknown,Unknown
Alice in Borderland,Fantasy thriller,"December 10, 2020","2 seasons, 16 episodes",41–80 min,Renewed,Japanese,2020,16,2,41.0,80.0,60.5
YuYu Hakusho,Fantasy action-adveture,"December 14, 2023","1 season, 5 episodes",44–55 min,Pending,Japanese,2023,5,1,44.0,55.0,49.5
House of Ninjas,Action thriller,"February 15, 2024","1 season, 8 episodes",51–55 min,Pending,Japanese,2024,8,1,51.0,55.0,53.0
Tokyo Swindlers,Crime thriller,"July 25, 2024","1 season, 7 episodes",37–66 min,Pending,Japanese,2024,7,1,37.0,66.0,51.5
Chastity High,Teen drama,"August 29, 2024",TBA,TBA,Pending,Japanese,2024,,,,Unknown,Unknown
The Queen of Villains,Sports drama,"September 19, 2024",TBA,TBA,Pending,Japanese,2024,,,,Unknown,Unknown
Squid Game,Survival thriller,"September 17, 2021","1 season, 9 episodes",32–63 min,"Season 2 due to premiere on December 26, 2024Final season due to premiere in 2025",Korean,2021,9,1,32.0,63.0,47.5
Hellbound,Supernatural drama,"November 19, 2021","1 season, 6 episodes",42–60 min,Season 2 due to premiere in 2024,Korean,2021,6,1,42.0,60.0,51.0
All of Us Are Dead,Zombie apocalypse,"January 28, 2022","1 season, 12 episodes",53–71 min,Renewed,Korean,2022,12,1,53.0,71.0,62.0
Bloodhounds,Action drama,"June 9, 2023","1 season, 8 episodes",54–74 min,Renewed,Korean,2023,8,1,54.0,74.0,64.0
Song of the Bandits,Period action drama,"September 22, 2023","1 season, 9 episodes",48–69 min,Pending,Korean,2023,9,1,48.0,69.0,58.5
Doona!,Coming-of-age romantic drama,"October 20, 2023","1 season, 9 episodes",42–49 min,Pending,Korean,2023,9,1,42.0,49.0,45.5
Daily Dose of Sunshine,Medical comedy drama,"November 3, 2023","1 season, 12 episodes",52–72 min,Pending,Korean,2023,12,1,52.0,72.0,62.0
Gyeongseong Creature,Historical thriller,"December 22, 2023","1 season, 10 episodes",64–78 min,Season 2 due to premiere in 2024,Korean,2023,10,1,64.0,78.0,71.0
A Killer Paradox,Crime thriller dark comedy,"February 9, 2024","1 season, 8 episodes",45–63 min,Pending,Korean,2024,8,1,45.0,63.0,54.0
The Victims' Game,Thriller,"April 30, 2020","2 seasons, 16 episodes",51–67 min,Pending,Mandarin,2020,16,2,51.0,67.0,59.0
At the Moment,Romantic drama/anthology,"November 10, 2023","1 season, 10 episodes",46–58 min,Pending,Mandarin,2023,10,1,46.0,58.0,52.0
Let's Talk About CHU,Romantic comedy,"February 2, 2024","1 season, 8 episodes",43–58 min,Pending,Mandarin,2024,8,1,43.0,58.0,50.5
GG Precinct,Crime comedy,"August 22, 2024","1 season, 6 episodes",38–50 min,Pending,Mandarin,2024,6,1,38.0,50.0,44.0
The Green Glove Gang,Dark comedy,"October 19, 2022","2 seasons, 16 episodes",28–38 min,Pending,Polish,2022,16,2,28.0,38.0,33.0
Absolute Beginners,Romantic drama,"October 25, 2023","1 season, 6 episodes",45–47 min,Pending,Polish,2023,6,1,45.0,47.0,46.0
Feedback,Drama,"November 15, 2023","1 season, 5 episodes",43–55 min,Pending,Polish,2023,5,1,43.0,55.0,49.0
1670,Comedy,"December 13, 2023","1 season, 8 episodes",29–37 min,Renewed,Polish,2023,8,1,29.0,37.0,33.0
Detective Forst,Crime drama,"January 11, 2024","1 season, 6 episodes",41–45 min,Pending,Polish,2024,6,1,41.0,45.0,43.0
The Green Glove Gang,Dark comedy,"October 19, 2022","2 seasons, 16 episodes",28–38 min,Pending,Portuguese,2022,16,2,28.0,38.0,33.0
Absolute Beginners,Romantic drama,"October 25, 2023","1 season, 6 episodes",45–47 min,Pending,Portuguese,2023,6,1,45.0,47.0,46.0
Feedback,Drama,"November 15, 2023","1 season, 5 episodes",43–55 min,Pending,Portuguese,2023,5,1,43.0,55.0,49.0
1670,Comedy,"December 13, 2023","1 season, 8 episodes",29–37 min,Renewed,Portuguese,2023,8,1,29.0,37.0,33.0
Detective Forst,Crime drama,"January 11, 2024","1 season, 6 episodes",41–45 min,Pending,Portuguese,2024,6,1,41.0,45.0,43.0
Valeria,Comedy drama,"May 8, 2020","3 seasons, 24 episodes",37–46 min,Renewed for final season,Spanish,2020,24,3,37.0,46.0,41.5
Alpha Males,Comedy,"December 30, 2022","2 seasons, 20 episodes",30–40 min,Renewed for seasons 3–4,Spanish,2022,20,2,30.0,40.0,35.0
The Snow Girl,Thriller,"January 27, 2023","1 season, 6 episodes",42–49 min,Renewed,Spanish,2023,6,1,42.0,49.0,45.5
Eva Lasting,Romantic drama,"February 15, 2023","2 seasons, 23 episodes",36–50 min,Renewed,Spanish,2023,23,2,36.0,50.0,43.0
Community Squad,Comedy,"February 17, 2023","1 season, 8 episodes",23–29 min,Renewed,Spanish,2023,8,1,23.0,29.0,26.0
Pact of Silence,Telenovela,"October 11, 2023","1 season, 18 episodes",35–43 min,Pending,Spanish,2023,18,1,35.0,43.0,39.0
Nothing to See Here,Comedy drama,"November 17, 2023","1 season, 8 episodes",22–27 min,Renewed,Spanish,2023,8,1,22.0,27.0,24.5
The Influencer,Drama,"December 13, 2023","1 season, 60 episodes",45–61 min,Pending,Spanish,2023,60,1,45.0,61.0,53.0
Cindy la Regia: The High School Years,Coming-of-age,"December 20, 2023","1 season, 7 episodes",24–32 min,Pending,Spanish,2023,7,1,24.0,32.0,28.0
The Manny,Comedy,"December 24, 2023","1 season, 10 episodes",30–41 min,Renewed,Spanish,2023,10,1,30.0,41.0,35.5
Berlin,Heist crime drama,"December 29, 2023","1 season, 8 episodes",42–60 min,Renewed,Spanish,2023,8,1,42.0,60.0,51.0
Baby Bandito,Heist drama,"January 31, 2024","1 season, 8 episodes",34–43 min,Pending,Spanish,2024,8,1,34.0,43.0,38.5
Bandidos,Heist drama,"March 13, 2024","1 season, 7 episodes",41–50 min,Pending,Spanish,2024,7,1,41.0,50.0,45.5
Iron Reign,Thriller,"March 15, 2024","1 season, 8 episodes",47–72 min,Pending,Spanish,2024,8,1,47.0,72.0,59.5
The Hijacking of Flight 601,Drama,"April 10, 2024","1 season, 6 episodes",44–59 min,Pending,Spanish,2024,6,1,44.0,59.0,51.5
Raising Voices,Teen drama,"May 31, 2024","1 season, 8 episodes",41–48 min,Pending,Spanish,2024,8,1,41.0,48.0,44.5
Gangs of Galicia,Crime drama,"June 21, 2024","1 season, 7 episodes",41–56 min,Pending,Spanish,2024,7,1,41.0,56.0,48.5
The Accident,Drama,"August 21, 2024","1 season, 10 episodes",40–50 min,Pending,Spanish,2024,10,1,40.0,50.0,45.0
Breathless,Medical drama,"August 30, 2024",TBA,TBA,Pending,Spanish,2024,,,,Unknown,Unknown
Envious,Comedy,"September 18, 2024",TBA,TBA,Pending,Spanish,2024,,,,Unknown,Unknown
Barracuda Queens,Heist crime drama,"June 5, 2023","1 season, 6 episodes",31–34 min,Season 2 due to premiere in 2025,Swedish,2023,6,1,31.0,34.0,32.5
Tore,Coming-of-age comedy drama,"October 27, 2023","1 season, 6 episodes",29–34 min,Pending,Swedish,2023,6,1,29.0,34.0,31.5
The Helicopter Heist,Heist drama,"November 22, 2024",TBA,TBA,Pending,Swedish,2024,,,,Unknown,Unknown
Analog Squad,Family drama,"December 7, 2023","1 season, 8 episodes",55–70 min,Pending,Thai,2023,8,1,55.0,70.0,62.5
"Ready, Set, Love",Romantic mystery comedy,"February 15, 2024","1 season, 6 episodes",63–79 min,Pending,Thai,2024,6,1,63.0,79.0,71.0
The Believers,Crime drama,"March 27, 2024","1 season, 9 episodes",37–59 min,Renewed,Thai,2024,9,1,37.0,59.0,48.0
Doctor Climax,Comedy drama,"June 13, 2024","1 season, 8 episodes",48–65 min,Pending,Thai,2024,8,1,48.0,65.0,56.5
Master of the House,Drama,"July 18, 2024","1 season, 7 episodes",44–62 min,Pending,Thai,2024,7,1,44.0,62.0,53.0
Terror Tuesday: Extreme,Horror anthology,"August 20, 2024","1 season, 8 episodes",38–46 min,Pending,Thai,2024,8,1,38.0,46.0,42.0
The Club,Period drama,"November 5, 2021","2 seasons, 20 episodes",29–69 min,Pending,Turkish,2021,20,2,29.0,69.0,49.0
Midnight at the Pera Palace,Drama,"March 3, 2022","1 season, 8 episodes",40–47 min,"Season 2 due to premiere on September 12, 2024",Turkish,2022,8,1,40.0,47.0,43.5
The Life and Movies of Erşan Kuneri,Sitcom,"May 13, 2022","1 season, 8 episodes",38–56 min,Renewed,Turkish,2022,8,1,38.0,56.0,47.0
Another Self,Drama,"July 28, 2022","2 seasons, 16 episodes",45–67 min,Pending,Turkish,2022,16,2,45.0,67.0,56.0
Shahmaran,Fantasy,"January 20, 2023","2 seasons, 14 episodes",43–59 min,Pending,Turkish,2023,14,2,43.0,59.0,51.0
The Tailor,Mystery,"May 2, 2023","3 seasons, 23 episodes",28–48 min,Pending,Turkish,2023,23,3,28.0,48.0,38.0
Kübra,Thriller,"January 18, 2024","2 seasons, 16 episodes",37–49 min,Pending,Turkish,2024,16,2,37.0,49.0,43.0
A Round of Applause,Drama,"February 29, 2024","1 season, 6 episodes",26–37 min,Pending,Turkish,2024,6,1,26.0,37.0,31.5
"Thank You, Next",Romantic comedy,"May 9, 2024","1 season, 8 episodes",37–51 min,Renewed,Turkish,2024,8,1,37.0,51.0,44.0
Baby Fever,Romantic comedy drama,"June 8, 2022","2 seasons, 12 episodes",27–35 min,Pending,Danish,2022,12,2,27.0,35.0,31.0
Ferry: The Series,Crime drama,"November 3, 2023","1 season, 8 episodes",36–51 min,Pending,Dutch,2023,8,1,36.0,51.0,43.5
Olóládé,Comedy,"November 24, 2023","1 season, 6 episodes",36–50 min,Pending,Yoruba,2023,6,1,36.0,50.0,43.0
Replacing Chef Chico,Drama,"November 24, 2023","1 season, 8 episodes",32–36 min,Pending,Filipino,2023,8,1,32.0,36.0,34.0
Aníkúlápó: Rise of the Spectre,Drama,"March 1, 2024","1 season, 6 episodes",54–74 min,Pending,Yoruba,2024,6,1,54.0,74.0,64.0
Bros,Comedy drama,"April 18, 2024","1 season, 8 episodes",29–43 min,Pending,Hebrew,2024,8,1,29.0,43.0,36.0
Billionaire Island,Drama,"September 12, 2024",TBA,TBA,Pending,Norwegian,2024,,,,Unknown,Unknown
The Toys That Made Us,Toy industry,"December 22, 2017","3 seasons, 12 episodes",43–51 min,Renewed for seasons 4–5,English,2017,12,3,43.0,51.0,47.0
Somebody Feed Phil,Travel,"January 12, 2018","7 seasons, 41 episodes",32–63 min,Renewed,English,2018,41,7,32.0,63.0,47.5
Formula 1: Drive to Survive,Sports,"March 8, 2019","6 seasons, 60 episodes",27–51 min,Pending,English,2019,60,6,27.0,51.0,39.0
High on the Hog: How African American Cuisine Transformed America,Food/history,"May 26, 2021","2 seasons, 8 episodes",45–58 min,Pending,English,2021,8,2,45.0,58.0,51.5
Worst Roommate Ever,True crime,"March 1, 2022","2 seasons, 9 episodes",39–62 min,Pending,English,2022,9,2,39.0,62.0,50.5
Full Swing,Sports,"February 15, 2023","2 seasons, 16 episodes",39–49 min,Pending,English,2023,16,2,39.0,49.0,44.0
Murdaugh Murders: A Southern Scandal,True crime,"February 22, 2023","2 seasons, 6 episodes",33–50 min,Pending,English,2023,6,2,33.0,50.0,41.5
Missing: Dead or Alive?,True crime,"May 10, 2023","1 season, 4 episodes",31–67 min,Renewed,English,2023,4,1,31.0,67.0,49.0
Wrestlers,Sports,"September 13, 2023","1 season, 7 episodes",48–58 min,Pending,English,2023,7,1,48.0,58.0,53.0
Encounters,Extraterrestrials,"September 27, 2023","1 season, 4 episodes",44–52 min,Pending,English,2023,4,1,44.0,52.0,48.0
Vasco Rossi: Living It,Music/biography,"September 27, 2023","1 season, 5 episodes",44–53 min,Pending,Italian,2023,5,1,44.0,53.0,48.5
Get Gotti,True crime,"October 24, 2023","1 season, 3 episodes",46–57 min,Pending,English,2023,3,1,46.0,57.0,51.5
Life on Our Planet,Nature,"October 25, 2023","1 season, 8 episodes",41–55 min,Renewed,English,2023,8,1,41.0,55.0,48.0
Mysteries of the Faith,Religion,"November 1, 2023","1 season, 4 episodes",38–44 min,Pending,English,2023,4,1,38.0,44.0,41.0
Escaping Twin Flames,Cults,"November 8, 2023","1 season, 3 episodes",57–58 min,Pending,English,2023,3,1,57.0,58.0,57.5
How to Become a Mob Boss,Organized crime,"November 14, 2023","1 season, 6 episodes",28–33 min,Pending,English,2023,6,1,28.0,33.0,30.5
Bad Surgeon: Love Under the Knife,True crime,"November 29, 2023","1 season, 3 episodes",48–58 min,Pending,English,2023,3,1,48.0,58.0,53.0
World War II: From the Frontlines,History,"December 7, 2023","1 season, 6 episodes",42–56 min,Pending,English,2023,6,1,42.0,56.0,49.0
If I Were Luísa Sonza,Music,"December 13, 2023","1 season, 3 episodes",33–43 min,Pending,Portuguese,2023,3,1,33.0,43.0,38.0
Captains of the World,Sports,"December 30, 2023","1 season, 6 episodes",41–55 min,Pending,English,2023,6,1,41.0,55.0,48.0
American Nightmare,True crime,"January 17, 2024","1 season, 3 episodes",43–46 min,Pending,English,2024,3,1,43.0,46.0,44.5
Six Nations: Full Contact,Sports,"January 24, 2024","1 season, 8 episodes",33–47 min,Pending,English,2024,8,1,33.0,47.0,40.0
NASCAR: Full Speed,Sports,"January 30, 2024","1 season, 5 episodes",44–50 min,Pending,English,2024,5,1,44.0,50.0,47.0
Alexander: The Making of a God,History,"January 31, 2024","1 season, 6 episodes",37–44 min,Pending,English,2024,6,1,37.0,44.0,40.5
American Conspiracy: The Octopus Murders,True crime,"February 28, 2024","1 season, 4 episodes",48–67 min,Pending,English,2024,4,1,48.0,67.0,57.5
The Indrani Mukerjea Story: Buried Truth,True crime,"February 29, 2024","1 season, 4 episodes",44–50 min,Pending,English,2024,4,1,44.0,50.0,47.0
ARA San Juan: The Submarine That Disappeared,History,"March 7, 2024","1 season, 8 episodes",24–31 min,Pending,Spanish,2024,8,1,24.0,31.0,27.5
Turning Point: The Bomb and the Cold War,History,"March 12, 2024","1 season, 9 episodes",64–79 min,Pending,English,2024,9,1,64.0,79.0,71.5
From Dreams to Tragedy: The Fire that Shook Brazilian Football,Sports,"March 14, 2024","1 season, 3 episodes",34–42 min,Pending,Portuguese,2024,3,1,34.0,42.0,38.0
Homicide,True crime,"March 20, 2024","2 seasons, 10 episodes",49–59 min,Pending,English,2024,10,2,49.0,59.0,54.0
Testament: The Story of Moses,History/Religion,"March 27, 2024","1 season, 3 episodes",81–88 min,Pending,English,2024,3,1,81.0,88.0,84.5
Crime Scene Berlin: Nightlife Killer,True crime,"April 3, 2024","1 season, 3 episodes",34–37 min,Pending,German,2024,3,1,34.0,37.0,35.5
Files of the Unexplained,Paranormal,"April 3, 2024","1 season, 8 episodes",30–48 min,Pending,English,2024,8,1,30.0,48.0,39.0
"Ashley Madison: Sex, Lies & Scandal",True crime,"May 15, 2024","1 season, 3 episodes",49–53 min,Pending,English,2024,3,1,49.0,53.0,51.0
Toughest Forces on Earth,Military,"May 22, 2024","1 season, 8 episodes",39–42 min,Pending,English,2024,8,1,39.0,42.0,40.5
Dancing for the Devil: The 7M TikTok Cult,True crime,"May 29, 2024","1 season, 3 episodes",49–58 min,Pending,English,2024,3,1,49.0,58.0,53.5
Hitler and the Nazis: Evil on Trial,History,"June 5, 2024","1 season, 6 episodes",59–66 min,Pending,English,2024,6,1,59.0,66.0,62.5
America's Sweethearts: Dallas Cowboys Cheerleaders,Sports,"June 20, 2024","1 season, 7 episodes",52–60 min,Pending,English,2024,7,1,52.0,60.0,56.0
Kaulitz & Kaulitz,Music,"June 25, 2024","1 season, 8 episodes",38–50 min,Renewed,German,2024,8,1,38.0,50.0,44.0
Sprint,Sports,"July 2, 2024","1 season, 6 episodes",33–48 min,"Season 2 due to premiere on November 13, 2024",English,2024,6,1,33.0,48.0,40.5
Receiver,Sports,"July 10, 2024","1 season, 8 episodes",52–62 min,Pending,English,2024,8,1,52.0,62.0,57.0
LALIGA: All Access,Sports,"July 15, 2024","1 season, 8 episodes",43–52 min,Pending,Spanish,2024,8,1,43.0,52.0,47.5
Simone Biles: Rising,Sports,"July 17, 2024","1 season, 2 episodes",49–55 min,"New episodes due to premiere on October 25, 2024",English,2024,2,1,49.0,55.0,52.0
American Murder: Laci Peterson,True crime,"August 14, 2024","1 season, 3 episodes",51–54 min,Pending,English,2024,3,1,51.0,54.0,52.5
Pop Star Academy: KATSEYE,Music,"August 21, 2024","1 season, 8 episodes",50–55 min,Pending,English,2024,8,1,50.0,55.0,52.5
Wyatt Earp and the Cowboy War,Docudrama/History,"August 21, 2024","1 season, 6 episodes",30–49 min,Pending,English,2024,6,1,30.0,49.0,39.5
Worst Ex Ever,True crime,"August 28, 2024","1 season, 4 episodes",60 min,Pending,English,2024,4,1,60.0,60.0,60.0
Caught in the Web: The Murders Behind Zona Divas,True crime,"September 5, 2024",TBA,TBA,Miniseries,Spanish,2024,,,,Unknown,Unknown
Jack Whitehall: Fatherhood with My Father,Travel,"September 10, 2024",TBA,TBA,Pending,English,2024,,,,Unknown,Unknown
Ángel Di María: Breaking Down the Wall,Sports,"September 12, 2024",3 episodes,TBA,Miniseries,Spanish,2024,3,3,,Unknown,Unknown
Into The Fire: The Lost Daughter,True crime,"September 12, 2024","1 season, 2 episodes",TBA,Pending,English,2024,2,1,,Unknown,Unknown
What's Next? The Future with Bill Gates,Artificial intelligence,"September 18, 2024",5 episodes,TBA,Miniseries,English,2024,5,5,,Unknown,Unknown
Queer Eye,Makeover reality,"February 7, 2018","8 seasons, 65 episodes",43–56 min,Renewed,English,2018,65,8,43.0,56.0,49.5
Car Masters: Rust to Riches,Reality,"September 14, 2018","5 seasons, 40 episodes",31–43 min,Pending,English,2018,40,5,31.0,43.0,37.0
Selling Sunset,Reality,"March 22, 2019","7 seasons, 68 episodes",25–80 min,"Season 8 due to premiere on September 6, 2024",English,2019,68,7,25.0,80.0,52.5
Rhythm + Flow,Music competition,"October 9, 2019","1 season, 10 episodes",51–69 min,Season 2 due to premiere in 2024,English,2019,10,1,51.0,69.0,60.0
The Circle,Reality competition,"January 1, 2020","6 seasons, 77 episodes",43–63 min,"Season 7 due to premiere on September 11, 2024",English,2020,77,6,43.0,63.0,53.0
Love Is Blind,Dating show,"February 13, 2020","6 seasons, 83 episodes",31–97 min,Renewed,English,2020,83,6,31.0,97.0,64.0
Too Hot to Handle,Dating show,"April 17, 2020","6 seasons, 59 episodes",32–60 min,Pending,English,2020,59,6,32.0,60.0,46.0
Barbecue Showdown,Cooking competition,"September 18, 2020","3 seasons, 24 episodes",38–48 min,Pending,English,2020,24,3,38.0,48.0,43.0
Fabulous Lives of Bollywood Wives,Reality,"November 27, 2020","2 seasons, 16 episodes",30–44 min,Season 3 due to premiere in 2024,English,2020,16,2,30.0,44.0,37.0
Love Is Blind: Brazil,Dating show,"October 6, 2021","4 seasons, 43 episodes",42–89 min,Pending,Portuguese,2021,43,4,42.0,89.0,65.5
I Am Georgina,Reality,"January 27, 2022","2 seasons, 12 episodes",38–45 min,Renewed,Spanish,2022,12,2,38.0,45.0,41.5
Is It Cake?,Baking competition,"March 18, 2022","3 seasons, 24 episodes",35–47 min,Pending,English,2022,24,3,35.0,47.0,41.0
"Young, Famous & African",Reality,"March 18, 2022","2 seasons, 16 episodes",32–52 min,Renewed,English,2022,16,2,32.0,52.0,42.0
The Ultimatum: Marry or Move On,Dating show,"April 6, 2022","2 seasons, 20 episodes",35–58 min,Season 3 due to premiere in December 2024,English,2022,20,2,35.0,58.0,46.5
Love on the Spectrum,Dating show,"May 18, 2022","2 seasons, 13 episodes",37–45 min,Renewed,English,2022,13,2,37.0,45.0,41.0
Rhythm + Flow France,Music competition,"June 9, 2022","3 seasons, 26 episodes",32–52 min,Pending,French,2022,26,3,32.0,52.0,42.0
Selling the OC,Reality,"August 24, 2022","3 seasons, 24 episodes",28–39 min,Pending,English,2022,24,3,28.0,39.0,33.5
Forever Queens,Reality,"October 2, 2022","2 seasons, 12 episodes",33–54 min,Pending,Spanish,2022,12,2,33.0,54.0,43.5
Dubai Bling,Reality,"October 27, 2022","2 seasons, 16 episodes",41–50 min,Season 3 due to premiere in 2024,Arabic,2022,16,2,41.0,50.0,45.5
Physical: 100,Reality competition,"January 24, 2023","2 seasons, 18 episodes",51–95 min,Pending,Korean,2023,18,2,51.0,95.0,73.0
Love Never Lies: Poland,Dating competition,"January 25, 2023","2 seasons, 15 episodes",42–57 min,Pending,Polish,2023,15,2,42.0,57.0,49.5
Perfect Match,Dating show,"February 14, 2023","2 seasons, 22 episodes",38–106 min,Renewed,English,2023,22,2,38.0,106.0,72.0
Too Hot to Handle: Germany,Dating show,"February 28, 2023","1 season, 10 episodes",40–60 min,Season 2 due to premiere in 2024,German,2023,10,1,40.0,60.0,50.0
Outlast,Reality competition,"March 10, 2023","1 season, 8 episodes",28–57 min,"Season 2 due to premiere on September 4, 2024",English,2023,8,1,28.0,57.0,42.5
King of Collectibles: The Goldin Touch,Reality,"April 28, 2023","2 seasons, 14 episodes",27–41 min,Pending,English,2023,14,2,27.0,41.0,34.0
Love Village,Dating show,"May 2, 2023","1 season, 18 episodes",25–35 min,Season 2 due to premiere in 2024,Japanese,2023,18,1,25.0,35.0,30.0
The Ultimatum: Queer Love,Dating show,"May 24, 2023","1 season, 10 episodes",35–65 min,Renewed,English,2023,10,1,35.0,65.0,50.0
Sugar Rush: The Baking Point,Baking competition,"July 12, 2023","2 seasons, 12 episodes",49–56 min,Pending,Spanish,2023,12,2,49.0,56.0,52.5
Zombieverse,Reality competition,"August 8, 2023","1 season, 8 episodes",40–66 min,Season 2 due to premiere in November 2024,Korean,2023,8,1,40.0,66.0,53.0
The Devil's Plan,Reality game show,"September 26, 2023","1 season, 12 episodes",58–75 min,Season 2 due to premiere in early 2025,Korean,2023,12,1,58.0,75.0,66.5
Stranded with My Mother-in-Law,Reality,"October 9, 2023","1 season, 8 episodes",42–57 min,Renewed,Portuguese,2023,8,1,42.0,57.0,49.5
Surviving Paradise,Reality game show,"October 20, 2023","1 season, 9 episodes",35–59 min,Pending,English,2023,9,1,35.0,59.0,47.0
Fame After Fame,Reality,"November 10, 2023","1 season, 6 episodes",32–47 min,Pending,Spanish,2023,6,1,32.0,47.0,39.5
Comedy Royale,Stand-up comedy competition,"November 28, 2023","1 season, 6 episodes",28–39 min,Pending,Korean,2023,6,1,28.0,39.0,33.5
Love Like a K-Drama,Dating show,"November 28, 2023","1 season, 12 episodes",38–60 min,Pending,Japanese,2023,12,1,38.0,60.0,49.0
The Trust: A Game of Greed,Reality game show,"January 10, 2024","1 season, 8 episodes",43–61 min,Pending,English,2024,8,1,43.0,61.0,52.0
Love Is Blind: Sweden,Dating show,"January 12, 2024","1 season, 10 episodes",43–71 min,Renewed,Swedish,2024,10,1,43.0,71.0,57.0
Love Deadline,Dating show,"January 23, 2024","1 season, 10 episodes",35–63 min,Pending,Japanese,2024,10,1,35.0,63.0,49.0
Rhythm + Flow Italy,Music competition,"February 19, 2024","1 season, 8 episodes",42–49 min,Pending,Italian,2024,8,1,42.0,49.0,45.5
The Magic Prank Show with Justin Willman,Prank show,"April 1, 2024","1 season, 6 episodes",25–31 min,Pending,English,2024,6,1,25.0,31.0,28.0
Unlocked: A Jail Experiment,Reality,"April 10, 2024","1 season, 8 episodes",33–48 min,Pending,English,2024,8,1,33.0,48.0,40.5
Don't Hate the Player,Reality competition,"April 17, 2024","1 season, 9 episodes",36–57 min,Pending,French,2024,9,1,36.0,57.0,46.5
Fight for Paradise: Who Can You Trust?,Reality competition,"April 23, 2024","1 season, 8 episodes",38–49 min,Pending,German,2024,8,1,38.0,49.0,43.5
Super Rich in Korea,Reality,"May 7, 2024","1 season, 6 episodes",28–30 min,Pending,Korean,2024,6,1,28.0,30.0,29.0
The Ultimatum: South Africa,Dating show,"May 10, 2024","1 season, 10 episodes",38–52 min,Pending,English,2024,10,1,38.0,52.0,45.0
Buying London,Reality,"May 22, 2024","1 season, 7 episodes",28–40 min,Pending,English,2024,7,1,28.0,40.0,34.0
Agents of Mystery,Reality competition,"June 18, 2024","1 season, 6 episodes",40–51 min,Pending,Korean,2024,6,1,40.0,51.0,45.5
Owning Manhattan,Reality,"June 28, 2024","1 season, 8 episodes",38–49 min,Pending,English,2024,8,1,38.0,49.0,43.5
The Boyfriend,Dating show,"July 9, 2024","1 season, 10 episodes",37–53 min,Pending,Japanese,2024,10,1,37.0,53.0,45.0
Resurrected Rides,Reality,"July 24, 2024","1 season, 8 episodes",36–41 min,Pending,English,2024,8,1,36.0,41.0,38.5
Love Is Blind: Mexico,Dating show,"August 1, 2024","1 season, 11 episodes",46–75 min,Pending,Spanish,2024,11,1,46.0,75.0,60.5
The Influencer,Reality competition,"August 6, 2024","1 season, 7 episodes",54–81 min,Pending,Korean,2024,7,1,54.0,81.0,67.5
Love Is Blind: UK,Dating show,"August 7, 2024","1 season, 12 episodes",41–72 min,Pending,English,2024,12,1,41.0,72.0,56.5
Blue Ribbon Baking Championship,Baking competition,"August 9, 2024","1 season, 8 episodes",44–50 min,Pending,English,2024,8,1,44.0,50.0,47.0
A-List to Playlist,Reality,"August 30, 2024",TBA,TBA,Pending,Korean,2024,,,,Unknown,Unknown
Culinary Class Wars,Cooking competition,"September 17, 2024",TBA,TBA,Pending,Korean,2024,,,,Unknown,Unknown
My Next Guest Needs No Introduction with David Letterman,Interview,"January 12, 2018","5 seasons, 25 episodes",41–58 min,Pending,English,2018,25,5,41.0,58.0,49.5
Last One Standing,Crime comedy/variety show,"March 8, 2022","2 seasons, 16 episodes",30–51 min,"Season 3 due to premiere on September 3, 2024",Japanese,2022,16,2,30.0,51.0,40.5
Baby Gorilla Cam,Live event,"September 7, 2023","1 season, 3 episodes",100–121 min,Pending,English,2023,3,1,100.0,121.0,110.5
Baby Animal Cam,Live event,"October 12, 2023","1 season, 4 episodes",115–150 min,Pending,English,2023,4,1,115.0,150.0,132.5
Dinner Time Live with David Chang,Cooking show/Talk show,"January 25, 2024","1 season, 26 episodes",51–71 min,Season 1 ongoing,English,2024,26,1,51.0,71.0,61.0
Risqué Business: Netherlands & Germany,Talk show,"February 20, 2024","1 season, 6 episodes",25–35 min,Pending,Korean,2024,6,1,25.0,35.0,30.0
The Great Indian Kapil Show,Talk show,"March 30, 2024","1 season, 13 episodes",38–71 min,Renewed,Hindi,2024,13,1,38.0,71.0,54.5
John Mulaney Presents: Everybody's in L.A.,Live event/Talk show,"May 3, 2024","1 season, 6 episodes",61–85 min,Pending,English,2024,6,1,61.0,85.0,73.0
Live from the Other Side with Tyler Henry,Paranormal/Talk show,"September 17, 2024",TBA,TBA,Pending,English,2024,,,,Unknown,Unknown
Black Mirror (series 3–6),Science fiction anthology,"October 21, 2016","4 seasons, 20 episodes",40–89 min,Season 7 due to premiere in 2025,English,2016,20,4,40.0,89.0,64.5
Inside the World's Toughest Prisons (seasons 2–7),Docuseries,"July 6, 2018","6 seasons, 23 episodes",43–54 min,Pending,English,2018,23,6,43.0,54.0,48.5
You (seasons 2–4),Psychological thriller,"December 26, 2019","3 seasons, 30 episodes",41–58 min,Renewed for final season,English,2019,30,3,41.0,58.0,49.5
Unsolved Mysteries (seasons 15–17),Docuseries,"July 1, 2020","4 volumes, 26 episodes",36–54 min,Volume 5 due to premiere in Q4 2024,English,2020,26,4,36.0,54.0,45.0
Cobra Kai (seasons 3–6),Martial arts/action comedy drama,"January 1, 2021","4 seasons, 35 episodes",27–48 min,"Final season part 2 due to premiere on November 15, 2024Final season part 3 due to premiere in 2025",English,2021,35,4,27.0,48.0,37.5
Blown Away (seasons 2–4),Reality,"January 22, 2021","3 seasons, 30 episodes",25–36 min,Pending,English,2021,30,3,25.0,36.0,30.5
Kota Factory (seasons 2–3),Comedy drama,"September 24, 2021","2 seasons, 10 episodes",31–61 min,Pending,Hindi,2021,10,2,31.0,61.0,46.0
The Mole (seasons 6–7),Reality competition,"October 7, 2022","2 seasons, 20 episodes",34–51 min,Pending,English,2022,20,2,34.0,51.0,42.5
Girls5eva (season 3),Comedy,"March 14, 2024","1 season, 6 episodes",24–28 min,Pending,English,2024,6,1,24.0,28.0,26.0
From Me to You: Kimi ni Todoke (season 3),Anime,"August 1, 2024","1 season, 6 episodes",14–72 min,Pending,Japanese,2024,6,1,14.0,72.0,43.0
Squid Game: The Challenge,Escape room competition,"November 22, 2023","1 season, 10 episodes",40–57 min,Renewed,English,2023,10,1,40.0,57.0,48.5
Cobra Kai: Inside the Dojo,Behind the scenes,"July 18, 2024","1 season, 1 episode",11 min,Season 1 ongoing,English,2024,1,1,11.0,11.0,11.0
Arcane,Adult animated steampunk science fantasy,"November 6, 2021","1 season, 9 episodes",39–44 min,Final season due to premiere in November 2024,English,2021,9,1,39.0,44.0,41.5
Bad Exorcist (seasons 3–5),Adult animated horror comedy,"October 14, 2022","2 seasons, 39 episodes",10–17 min,Pending,Polish,2022,39,2,10.0,17.0,13.5
Ninjago: Dragons Rising,Animated comedy,"June 1, 2023","2 seasons, 30 episodes",22–23 min,Pending,English,2023,30,2,22.0,23.0,22.5
Ronja the Robber's Daughter,Coming-of-age fantasy,"March 28, 2024","1 season, 6 episodes",42–45 min,Season 1 part 2 due to premiere in 2024,Swedish,2024,6,1,42.0,45.0,43.5
Single's Inferno,Dating show,"December 18, 2021","3 seasons, 29 episodes",56–90 min,Season 4 due to premiere in January 2025,Korean,2021,29,3,56.0,90.0,73.0
The Parisian Agency: Exclusive Properties (seasons 2–4),Property management reality,"March 3, 2022","3 seasons, 24 episodes",51–70 min,Pending,French,2022,24,3,51.0,70.0,60.5
Surviving Summer,Teen drama,"June 3, 2022","2 seasons, 18 episodes",26–30 min,Pending,English,2022,18,2,26.0,30.0,28.0
Tour de France: Unchained,Sports docuseries,"June 8, 2023","2 seasons, 16 episodes",34–49 min,Renewed,French,2023,16,2,34.0,49.0,41.5
I Woke Up a Vampire,Family supernatural comedy thriller,"October 17, 2023","2 seasons, 16 episodes",23–27 min,Pending,English,2023,16,2,23.0,27.0,25.0
Skam Italia (seasons 4–6),Teen drama,"May 15, 2020","3 seasons, 30 episodes",20–40 min,Pending,Italian,2020,30,3,20.0,40.0,30.0
CoComelon (seasons 6–10),Preschool,"September 5, 2022","5 seasons, 11 episodes",46–64 min,Pending,English,2022,11,5,46.0,64.0,55.0
Pernille (season 4),Comedy drama,"August 8, 2024","1 season, 6 episodes",26–28 min,Renewed,Norwegian,2024,6,1,26.0,28.0,27.0
American Primeval,Western miniseries,2024,Unknown,Unknown,Upcoming,English,,,,,Unknown,Unknown
Baby Farm,Thriller,2024,Unknown,Unknown,Upcoming,English,,,,,Unknown,Unknown
Black Doves,Thriller,2024,Unknown,Unknown,Upcoming,English,,,,,Unknown,Unknown
To Kill a Monkey,Crime thriller,2024,Unknown,Unknown,Upcoming,English,,,,,Unknown,Unknown
Adolescence,Drama,2025,Unknown,Unknown,Upcoming,English,,,,,Unknown,Unknown
The Choice,Political Thriller,2025,Unknown,Unknown,Upcoming,English,,,,,Unknown,Unknown
The Undertow,Crime drama,2025,Unknown,Unknown,Upcoming,English,,,,,Unknown,Unknown
The Witness,Crime drama,2025,Unknown,Unknown,Upcoming,English,,,,,Unknown,Unknown
The Abandons,Western,TBA,Unknown,Unknown,Upcoming,English,,,,,Unknown,Unknown
Apple Cider Vinegar,Crime drama miniseries,TBA,Unknown,Unknown,Upcoming,English,,,,,Unknown,Unknown
Atomic,Crime drama,TBA,Unknown,Unknown,Upcoming,English,,,,,Unknown,Unknown
Baahubali: Before the Beginning,Fantasy,TBA,Unknown,Unknown,Upcoming,English,,,,,Unknown,Unknown
The Beast in Me,Drama miniseries,TBA,Unknown,Unknown,Upcoming,English,,,,,Unknown,Unknown
Beauty in Black,Drama,TBA,Unknown,Unknown,Upcoming,English,,,,,Unknown,Unknown
BET,Thriller,TBA,Unknown,Unknown,Upcoming,English,,,,,Unknown,Unknown
Black Rabbit,Drama miniseries,TBA,Unknown,Unknown,Upcoming,English,,,,,Unknown,Unknown
The Boroughs,Supernatural mystery drama,TBA,Unknown,Unknown,Upcoming,English,,,,,Unknown,Unknown
Covers,Spy fiction,TBA,Unknown,Unknown,Upcoming,English,,,,,Unknown,Unknown
Death by Lightning,Period drama,TBA,Unknown,Unknown,Upcoming,English,,,,,Unknown,Unknown
Department Q,Crime thriller,TBA,Unknown,Unknown,Upcoming,English,,,,,Unknown,Unknown
Forever,Teen drama,TBA,Unknown,Unknown,Upcoming,English,,,,,Unknown,Unknown
Grown Ups,Drama,TBA,Unknown,Unknown,Upcoming,English,,,,,Unknown,Unknown
His & Hers,Psychological thriller miniseries,TBA,Unknown,Unknown,Upcoming,English,,,,,Unknown,Unknown
House of Guinness,Historical drama,TBA,Unknown,Unknown,Upcoming,English,,,,,Unknown,Unknown
How to Get to Heaven from Belfast,Comedy drama,TBA,Unknown,Unknown,Upcoming,English,,,,,Unknown,Unknown
How to Kill Your Family,Drama,TBA,Unknown,Unknown,Upcoming,English,,,,,Unknown,Unknown
Man on Fire,Thriller drama,TBA,Unknown,Unknown,Upcoming,English,,,,,Unknown,Unknown
Missing You,Thriller drama miniseries,TBA,Unknown,Unknown,Upcoming,English,,,,,Unknown,Unknown
The Moon Represents My Heart,Science fiction miniseries,TBA,Unknown,Unknown,Upcoming,English,,,,,Unknown,Unknown
Pulse,Medical drama,TBA,Unknown,Unknown,Upcoming,English,,,,,Unknown,Unknown
Ransom Canyon,Drama,TBA,Unknown,Unknown,Upcoming,English,,,,,Unknown,Unknown
The Residence,Mystery drama,TBA,Unknown,Unknown,Upcoming,English,,,,,Unknown,Unknown
Run Away,Thriller drama miniseries,TBA,Unknown,Unknown,Upcoming,English,,,,,Unknown,Unknown
The Seven Dials Mystery,Mystery drama,TBA,Unknown,Unknown,Upcoming,English,,,,,Unknown,Unknown
Something Very Bad is Going to Happen,Horror,TBA,Unknown,Unknown,Upcoming,English,,,,,Unknown,Unknown
The Survivors,Crime mystery miniseries,TBA,Unknown,Unknown,Upcoming,English,,,,,Unknown,Unknown
They Both Die at the End,Teen drama,TBA,Unknown,Unknown,Upcoming,English,,,,,Unknown,Unknown
Toxic Town,Drama miniseries,TBA,Unknown,Unknown,Upcoming,English,,,,,Unknown,Unknown
Untamed,Crime drama miniseries,TBA,Unknown,Unknown,Upcoming,English,,,,,Unknown,Unknown
Untitled Glenn Burke miniseries,Biopic miniseries,TBA,Unknown,Unknown,Upcoming,English,,,,,Unknown,Unknown
Untitled Monster anthology series,Crime drama miniseries,TBA,Unknown,Unknown,Upcoming,English,,,,,Unknown,Unknown
Untitled Tim McGraw series,Drama,TBA,Unknown,Unknown,Upcoming,English,,,,,Unknown,Unknown
The Waterfront,Drama,TBA,Unknown,Unknown,Upcoming,English,,,,,Unknown,Unknown
Wayward,Thriller miniseries,TBA,Unknown,Unknown,Upcoming,English,,,,,Unknown,Unknown
Zero Day,Political thriller miniseries,TBA,Unknown,Unknown,Upcoming,English,,,,,Unknown,Unknown
A Man on the Inside,Crime comedy,November 2024,Unknown,Unknown,Upcoming,English,,,,,Unknown,Unknown
No Good Deed,Dark comedy,2024,Unknown,Unknown,Upcoming,English,,,,,Unknown,Unknown
Running Point,Sports comedy,2025,Unknown,Unknown,Upcoming,English,,,,,Unknown,Unknown
The Corps,Military comedy drama,TBA,Unknown,Unknown,Upcoming,English,,,,,Unknown,Unknown
The Four Seasons,Romantic comedy,TBA,Unknown,Unknown,Upcoming,English,,,,,Unknown,Unknown
Golf,Sports comedy,TBA,Unknown,Unknown,Upcoming,English,,,,,Unknown,Unknown
Sirens,Dark comedy miniseries,TBA,Unknown,Unknown,Upcoming,English,,,,,Unknown,Unknown
Too Much,Romantic comedy,TBA,Unknown,Unknown,Upcoming,English,,,,,Unknown,Unknown
Untitled Leanne Morgan series,Sitcom,TBA,Unknown,Unknown,Upcoming,English,,,,,Unknown,Unknown
Untitled Tom Segura series,Dark comedy,TBA,Unknown,Unknown,Upcoming,English,,,,,Unknown,Unknown
Long Story Short,Comedy,2025,Unknown,Unknown,Upcoming,English,,,,,Unknown,Unknown
Gears of War,Military science fiction,TBA,Unknown,Unknown,Upcoming,English,,,,,Unknown,Unknown
Ghostbusters,Horror comedy,TBA,Unknown,Unknown,Upcoming,English,,,,,Unknown,Unknown
The Undervale,Comedy,TBA,Unknown,Unknown,Upcoming,English,,,,,Unknown,Unknown
Untitled Stranger Things animated series,Science fiction horror,TBA,Unknown,Unknown,Upcoming,English,,,,,Unknown,Unknown
Devil May Cry,Dark fantasy action,2024,Unknown,Unknown,Upcoming,English,,,,,Unknown,Unknown
Moonrise,Science fiction,2024,Unknown,Unknown,Upcoming,English,,,,,Unknown,Unknown
Tokyo Override,Science fiction,2024,Unknown,Unknown,Upcoming,English,,,,,Unknown,Unknown
Leviathan,Historical drama,2025,Unknown,Unknown,Upcoming,English,,,,,Unknown,Unknown
Army of the Dead: Lost Vegas,Horror,TBA,Unknown,Unknown,Upcoming,English,,,,,Unknown,Unknown
Beat & Motion,Slice of life,TBA,Unknown,Unknown,Upcoming,English,,,,,Unknown,Unknown
Lady Napoleon,Action,TBA,Unknown,Unknown,Upcoming,English,,,,,Unknown,Unknown
The One Piece,Adventure / science fantasy,TBA,Unknown,Unknown,Upcoming,English,,,,,Unknown,Unknown
Stranger Things: Tokyo,Science fiction horror,TBA,Unknown,Unknown,Upcoming,English,,,,,Unknown,Unknown
Jentry Chau vs. The Underworld,Supernatural adventure,2024,Unknown,Unknown,Upcoming,English,,,,,Unknown,Unknown
Astérix and Obélix: The Big Fight,Historical action adventure,2025,Unknown,Unknown,Upcoming,French,,,,,Unknown,Unknown
Motel Transylvania,Horror comedy,2025,Unknown,Unknown,Upcoming,English,,,,,Unknown,Unknown
Wolf King,Epic fantasy adventure,2025,Unknown,Unknown,Upcoming,English,,,,,Unknown,Unknown
Horton Hears a Who!,Preschool,TBA,Unknown,Unknown,Upcoming,English,,,,,Unknown,Unknown
Mafalda,Comedy,TBA,Unknown,Unknown,Upcoming,Spanish,,,,,Unknown,Unknown
"One Fish, Two Fish, Red Fish, Blue Fish",Preschool,TBA,Unknown,Unknown,Upcoming,English,,,,,Unknown,Unknown
The Seven Bears,Fantasy comedy,TBA,Unknown,Unknown,Upcoming,TBA,,,,,Unknown,Unknown
Untitled Rebel Moon series,Space opera,TBA,Unknown,Unknown,Upcoming,English,,,,,Unknown,Unknown
Untitled The Witcher series,Fantasy,TBA,Unknown,Unknown,Upcoming,English,,,,,Unknown,Unknown
Wacky Wednesday,Preschool,TBA,Unknown,Unknown,Upcoming,English,,,,,Unknown,Unknown
Amsterdam Empire,Thriller,2025,Unknown,Unknown,Upcoming,Dutch,,,,,Unknown,Unknown
Football Parents,Comedy,2025,Unknown,Unknown,Upcoming,Dutch,,,,,Unknown,Unknown
Roosters,Comedy,2025,Unknown,Unknown,Upcoming,Dutch,,,,,Unknown,Unknown
La Cage,Drama,2024,Unknown,Unknown,Upcoming,French,,,,,Unknown,Unknown
Burn(es) Out,Comedy,TBA,Unknown,Unknown,Upcoming,French,,,,,Unknown,Unknown
Super Mâle,Comedy,TBA,Unknown,Unknown,Upcoming,French,,,,,Unknown,Unknown
Untitled Isabelle Adjani series,Thriller,TBA,Unknown,Unknown,Upcoming,French,,,,,Unknown,Unknown
Cassandra,Science fiction thriller,2024,Unknown,Unknown,Upcoming,German,,,,,Unknown,Unknown
Plötzlich Kanzlerin,Comedy drama,2024,Unknown,Unknown,Upcoming,German,,,,,Unknown,Unknown
Untitled adaptation of Alpha Males,Comedy,TBA,Unknown,Unknown,Upcoming,German,,,,,Unknown,Unknown
Khakee: The Bengal Chapter,Crime thriller,2024,Unknown,Unknown,Upcoming,Hindi,,,,,Unknown,Unknown
Dabba Cartel,Crime thriller,TBA,Unknown,Unknown,Upcoming,Hindi,,,,,Unknown,Unknown
Rakt Bramhand - The Bloody Kingdom,Action fantasy,TBA,Unknown,Unknown,Upcoming,Hindi,,,,,Unknown,Unknown
The Leopard,Drama,2024,Unknown,Unknown,Upcoming,Italian,,,,,Unknown,Unknown
Maschi veri,Comedy,2025,Unknown,Unknown,Upcoming,Italian,,,,,Unknown,Unknown
A.C.A.B. La serie,Crime drama,TBA,Unknown,Unknown,Upcoming,Italian,,,,,Unknown,Unknown
Adorazione,Coming of age drama,TBA,Unknown,Unknown,Upcoming,Italian,,,,,Unknown,Unknown
Il Mostro,Crime drama miniseries,TBA,Unknown,Unknown,Upcoming,Italian,,,,,Unknown,Unknown
Lotto Gang,Comedy,TBA,Unknown,Unknown,Upcoming,Italian,,,,,Unknown,Unknown
Mrs Playmen,Biopic,TBA,Unknown,Unknown,Upcoming,Italian,,,,,Unknown,Unknown
Nemesis,Drama,TBA,Unknown,Unknown,Upcoming,Italian,,,,,Unknown,Unknown
Sara,Crime drama,TBA,Unknown,Unknown,Upcoming,Italian,,,,,Unknown,Unknown
Storia della mia famiglia,Drama,TBA,Unknown,Unknown,Upcoming,Italian,,,,,Unknown,Unknown
Beyond Goodbye,Romantic drama,2024,Unknown,Unknown,Upcoming,Japanese,,,,,Unknown,Unknown
Glass Heart,Music drama,2025,Unknown,Unknown,Upcoming,Japanese,,,,,Unknown,Unknown
Romantics Anonymous,Romantic comedy,2025,Unknown,Unknown,Upcoming,Japanese,,,,,Unknown,Unknown
Human Vapor,Science fiction horror,TBA,Unknown,Unknown,Upcoming,Japanese,,,,,Unknown,Unknown
Soul Mate,Romantic drama,TBA,Unknown,Unknown,Upcoming,Japanese,,,,,Unknown,Unknown
Hong Rang,Period drama,2024,Unknown,Unknown,Upcoming,Korean,,,,,Unknown,Unknown
Mr. Plankton,Romantic comedy,2024,Unknown,Unknown,Upcoming,Korean,,,,,Unknown,Unknown
The Trunk,Thriller,2024,Unknown,Unknown,Upcoming,Korean,,,,,Unknown,Unknown
When Life Gives You Tangerines,Romantic drama,2024,Unknown,Unknown,Upcoming,Korean,,,,,Unknown,Unknown
Aema,Historical drama,TBA,Unknown,Unknown,Upcoming,Korean,,,,,Unknown,Unknown
All the Love You Wish For,Romantic comedy,TBA,Unknown,Unknown,Upcoming,Korean,,,,,Unknown,Unknown
Can This Love Be Translated?,Romantic comedy,TBA,Unknown,Unknown,Upcoming,Korean,,,,,Unknown,Unknown
Cashero,Superhero,TBA,Unknown,Unknown,Upcoming,Korean,,,,,Unknown,Unknown
Karma,Crime thriller,TBA,Unknown,Unknown,Upcoming,Korean,,,,,Unknown,Unknown
Mercy for None,Thriller,TBA,Unknown,Unknown,Upcoming,Korean,,,,,Unknown,Unknown
The Price of Confession,Mystery thriller,TBA,Unknown,Unknown,Upcoming,Korean,,,,,Unknown,Unknown
Trigger,Action thriller,TBA,Unknown,Unknown,Upcoming,Korean,,,,,Unknown,Unknown
Two Women,Romantic drama,TBA,Unknown,Unknown,Upcoming,Korean,,,,,Unknown,Unknown
Born for the Spotlight,Drama,2024,Unknown,Unknown,Upcoming,Mandarin,,,,,Unknown,Unknown
Agent from Above,Fantasy,TBA,Unknown,Unknown,Upcoming,Mandarin,,,,,Unknown,Unknown
Forget You Not,Comedy drama,TBA,Unknown,Unknown,Upcoming,Mandarin,,,,,Unknown,Unknown
Million-follower Detective,Crime thriller,TBA,Unknown,Unknown,Upcoming,Mandarin,,,,,Unknown,Unknown
The Nipple Talk,Romantic comedy,TBA,Unknown,Unknown,Upcoming,Mandarin,,,,,Unknown,Unknown
The Resurrected,Thriller,TBA,Unknown,Unknown,Upcoming,Mandarin,,,,,Unknown,Unknown
Detective Hole,Crime drama,2026,Unknown,Unknown,Upcoming,Norwegian,,,,,Unknown,Unknown
The New Force,Period drama,2026,Unknown,Unknown,Upcoming,Norwegian,,,,,Unknown,Unknown
La Palma,Drama,TBA,Unknown,Unknown,Upcoming,Norwegian,,,,,Unknown,Unknown
Heweliusz,Drama,2025,Unknown,Unknown,Upcoming,Polish,,,,,Unknown,Unknown
"Go Ahead, Brother",Comedy,TBA,Unknown,Unknown,Upcoming,Polish,,,,,Unknown,Unknown
Just One Look,Mystery,TBA,Unknown,Unknown,Upcoming,Polish,,,,,Unknown,Unknown
Mothers of Penguins,Drama,TBA,Unknown,Unknown,Upcoming,Polish,,,,,Unknown,Unknown
Project UFO,Drama,TBA,Unknown,Unknown,Upcoming,Polish,,,,,Unknown,Unknown
Bienvenidos a la familia,Drama,2024,Unknown,Unknown,Upcoming,Spanish,,,,,Unknown,Unknown
Celda 211,Crime drama miniseries,2024,Unknown,Unknown,Upcoming,Spanish,,,,,Unknown,Unknown
Gringo Hunters,Crime thriller,2024,Unknown,Unknown,Upcoming,Spanish,,,,,Unknown,Unknown
Las hermanas Guerra,Drama,2024,Unknown,Unknown,Upcoming,Spanish,,,,,Unknown,Unknown
Las muertas,Crime drama,2024,Unknown,Unknown,Upcoming,Spanish,,,,,Unknown,Unknown
Nadie nos vió partir,Drama miniseries,2024,Unknown,Unknown,Upcoming,Spanish,,,,,Unknown,Unknown
One Hundred Years of Solitude,Drama,2024,Unknown,Unknown,Upcoming,Spanish,,,,,Unknown,Unknown
Para siempre,Drama,2024,Unknown,Unknown,Upcoming,Spanish,,,,,Unknown,Unknown
Caught,Thriller miniseries,2025,Unknown,Unknown,Upcoming,Spanish,,,,,Unknown,Unknown
The Eternaut,Science fiction,2025,Unknown,Unknown,Upcoming,Spanish,,,,,Unknown,Unknown
1992,Thriller,TBA,Unknown,Unknown,Upcoming,Spanish,,,,,Unknown,Unknown
Animal Salvaje,Comedy miniseries,TBA,Unknown,Unknown,Upcoming,Spanish,,,,,Unknown,Unknown
Asalto al Banco Central,Heist,TBA,Unknown,Unknown,Upcoming,Spanish,,,,,Unknown,Unknown
The Gardener,Thriller,TBA,Unknown,Unknown,Upcoming,Spanish,,,,,Unknown,Unknown
El refugio atómico,Post-apocalyptic drama,TBA,Unknown,Unknown,Upcoming,Spanish,,,,,Unknown,Unknown
En el barro,Drama,TBA,Unknown,Unknown,Upcoming,Spanish,,,,,Unknown,Unknown
La última noche en Tremore Beach,Thriller miniseries,TBA,Unknown,Unknown,Upcoming,Spanish,,,,,Unknown,Unknown
Legado,Drama,TBA,Unknown,Unknown,Upcoming,Spanish,,,,,Unknown,Unknown
Los maldiciones,Political thriller,TBA,Unknown,Unknown,Upcoming,Spanish,,,,,Unknown,Unknown
Manual para señoritas,Period drama,TBA,Unknown,Unknown,Upcoming,Spanish,,,,,Unknown,Unknown
Olympo,Teen drama,TBA,Unknown,Unknown,Upcoming,Spanish,,,,,Unknown,Unknown
Salvador,Drama,TBA,Unknown,Unknown,Upcoming,Spanish,,,,,Unknown,Unknown
Serpientes y Escaleras,Comedy,TBA,Unknown,Unknown,Upcoming,Spanish,,,,,Unknown,Unknown
Superestar,Music biopic,TBA,Unknown,Unknown,Upcoming,Spanish,,,,,Unknown,Unknown
Untitled adaptation of Claudia Piñeiro's El tiempo de las moscas and Tuya,Drama miniseries,TBA,Unknown,Unknown,Upcoming,Spanish,,,,,Unknown,Unknown
The Breakthrough,Crime drama,2024,Unknown,Unknown,Upcoming,Swedish,,,,,Unknown,Unknown
Diary of a Ditched Girl,Drama,2025,Unknown,Unknown,Upcoming,Swedish,,,,,Unknown,Unknown
The Glass Dome,Crime drama,TBA,Unknown,Unknown,Upcoming,Swedish,,,,,Unknown,Unknown
Asaf,Drama,2024,Unknown,Unknown,Upcoming,Turkish,,,,,Unknown,Unknown
Candelária,Drama miniseries,2024,Unknown,Unknown,Upcoming,Portuguese,,,,,Unknown,Unknown
Echoes of the Past,Crime drama,2024,Unknown,Unknown,Upcoming,Arabic,,,,,Unknown,Unknown
The Town,Crime drama,2024,Unknown,Unknown,Upcoming,Turkish,,,,,Unknown,Unknown
Don't Come Home,Horror,TBA,Unknown,Unknown,Upcoming,Thai,,,,,Unknown,Unknown
Jo Bachay Hain Sang Samait Lo,Drama,TBA,Unknown,Unknown,Upcoming,Urdu,,,,,Unknown,Unknown
Pssica,Drama miniseries,TBA,Unknown,Unknown,Upcoming,Portuguese,,,,,Unknown,Unknown
Reservatet,Crime drama,TBA,Unknown,Unknown,Upcoming,Danish,,,,,Unknown,Unknown
Subteran,Crime drama,TBA,Unknown,Unknown,Upcoming,Romanian,,,,,Unknown,Unknown
Tomorrow and I,Science fiction anthology,TBA,Unknown,Unknown,Upcoming,Thai,,,,,Unknown,Unknown
The Greatest Rivalry: India vs Pakistan,Sports,2024,Unknown,Unknown,Upcoming,Hindi,,,,,Unknown,Unknown
Our Oceans,Nature,2024,Unknown,Unknown,Upcoming,English,,,,,Unknown,Unknown
Pinzner: German Hitman,True crime,2024,Unknown,Unknown,Upcoming,German,,,,,Unknown,Unknown
Shirin David,Music,2024,Unknown,Unknown,Upcoming,German,,,,,Unknown,Unknown
Untitled 2004 World Series docuseries,Sports,2024,Unknown,Unknown,Upcoming,English,,,,,Unknown,Unknown
Untitled United States men's national basketball team docuseries,Sports,Early 2025,Unknown,Unknown,Upcoming,English,,,,,Unknown,Unknown
Critical,Emergency medical services,2025,Unknown,Unknown,Upcoming,English,,,,,Unknown,Unknown
F1 Academy,Sports,2025,Unknown,Unknown,Upcoming,English,,,,,Unknown,Unknown
Our Water World,Nature,2025,Unknown,Unknown,Upcoming,English,,,,,Unknown,Unknown
Millennium Diamond Heist,True crime,2026,Unknown,Unknown,Upcoming,English,,,,,Unknown,Unknown
"Alcaraz, the Docuseries",Sports,TBA,Unknown,Unknown,Upcoming,Spanish,,,,,Unknown,Unknown
Famous Last Words,Culture,TBA,Unknown,Unknown,Upcoming,English,,,,,Unknown,Unknown
Hunting Gary Glitter,True crime,TBA,Unknown,Unknown,Upcoming,English,,,,,Unknown,Unknown
Jack Unterweger,True crime,TBA,Unknown,Unknown,Upcoming,German,,,,,Unknown,Unknown
This Blew Up,Social media,TBA,Unknown,Unknown,Upcoming,English,,,,,Unknown,Unknown
Untitled 2016 Bitfinex hack docuseries,True crime,TBA,Unknown,Unknown,Upcoming,English,,,,,Unknown,Unknown
Untitled Boston Red Sox docuseries,Sports,TBA,Unknown,Unknown,Upcoming,English,,,,,Unknown,Unknown
Untitled Carmen Cervera docuseries,Celebrity,TBA,Unknown,Unknown,Upcoming,Spanish,,,,,Unknown,Unknown
Untitled Dallas Cowboys docuseries,Sports,TBA,Unknown,Unknown,Upcoming,English,,,,,Unknown,Unknown
Untitled Gilgo Beach serial killings docuseries,True crime,TBA,Unknown,Unknown,Upcoming,English,,,,,Unknown,Unknown
Untitled John O'Keefe docuseries,True crime,TBA,Unknown,Unknown,Upcoming,English,,,,,Unknown,Unknown
Untitled Meghan Markle docuseries,Lifestyle,TBA,Unknown,Unknown,Upcoming,English,,,,,Unknown,Unknown
Untitled NBA docuseries,Sports,TBA,Unknown,Unknown,Upcoming,English,,,,,Unknown,Unknown
Untitled polo docuseries,Sports,TBA,Unknown,Unknown,Upcoming,English,,,,,Unknown,Unknown
Comedy Revenge,Reality competition,October 2024,Unknown,Unknown,Upcoming,Korean,,,,,Unknown,Unknown
Rugged Rugby: Conquer or Die,Sports competition/Reality competition,December 2024,Unknown,Unknown,Upcoming,Korean,,,,,Unknown,Unknown
Making It in Marbella,Reality,Late 2024,Unknown,Unknown,Upcoming,Swedish,,,,,Unknown,Unknown
Love Is Blind: Argentina,Dating show,2024,Unknown,Unknown,Upcoming,Spanish,,,,,Unknown,Unknown
Love Is Blind: Germany,Dating show,2024,Unknown,Unknown,Upcoming,German,,,,,Unknown,Unknown
Kian's Bizarre B&B,Reality,Early 2025,Unknown,Unknown,Upcoming,Korean,,,,,Unknown,Unknown
Sneaky Links: Dating After Dark,Dating show,Mid-2025,Unknown,Unknown,Upcoming,English,,,,,Unknown,Unknown
Bear Hunt,Reality competition,2025,Unknown,Unknown,Upcoming,English,,,,,Unknown,Unknown
Battle Camp,Reality competition,TBA,Unknown,Unknown,Upcoming,English,,,,,Unknown,Unknown
Building the Band,Music competition,TBA,Unknown,Unknown,Upcoming,English,,,,,Unknown,Unknown
Cheaters: Unfinished Business,Reality,TBA,Unknown,Unknown,Upcoming,English,,,,,Unknown,Unknown
Love Is Blind: Habibi,Dating show,TBA,Unknown,Unknown,Upcoming,Arabic,,,,,Unknown,Unknown
Million Dollar Secret,Reality competition,TBA,Unknown,Unknown,Upcoming,English,,,,,Unknown,Unknown
Nova Cena,Music competition,TBA,Unknown,Unknown,Upcoming,Portuguese,,,,,Unknown,Unknown
Rhythm + Flow: Poland,Music competition,TBA,Unknown,Unknown,Upcoming,Polish,,,,,Unknown,Unknown
Selling the City,Reality,TBA,Unknown,Unknown,Upcoming,English,,,,,Unknown,Unknown
Winter Palace,Period drama,Late 2024,Unknown,Unknown,Upcoming,EnglishFrench,,,,,Unknown,Unknown
Eddie's Lil' Homies,Children's animation,TBA,Unknown,Unknown,Upcoming,English,,,,,Unknown,Unknown
Lockerbie,Drama miniseries,TBA,Unknown,Unknown,Upcoming,English,,,,,Unknown,Unknown
North of North,Comedy,TBA,Unknown,Unknown,Upcoming,English,,,,,Unknown,Unknown
Untitled Front Populaire miniseries,Period drama miniseries,TBA,Unknown,Unknown,Upcoming,French,,,,,Unknown,Unknown
My Lover My Killer (season 2),True crime docuseries,TBA,TBA,TBA,Upcoming,English,,,,,Unknown,Unknown
Weak Hero Class 1 (season 2),Coming-of-age action drama thriller,TBA,TBA,TBA,Upcoming,Korean,,,,,Unknown,Unknown
Masameer Junior,Adult animation comedy,TBA,Unknown,Unknown,Upcoming,Arabic,,,,,Unknown,Unknown
Anna O,Crime thriller,Unknown,Unknown,Unknown,In development,English,,,,,Unknown,Unknown
Arbor Hall,Teen mystery thriller,Unknown,Unknown,Unknown,In development,English,,,,,Unknown,Unknown
Barbaric,Medieval fantasy,Unknown,Unknown,Unknown,In development,English,,,,,Unknown,Unknown
Bat Boy,Young adult horror comedy,Unknown,Unknown,Unknown,In development,English,,,,,Unknown,Unknown
Birthright,Drama,Unknown,Unknown,Unknown,In development,English,,,,,Unknown,Unknown
Calabasas,Teen drama,Unknown,Unknown,Unknown,In development,English,,,,,Unknown,Unknown
Cashero,Korean language superhero drama,Unknown,Unknown,Unknown,In development,English,,,,,Unknown,Unknown
Coming Undone,Drama,Unknown,Unknown,Unknown,In development,English,,,,,Unknown,Unknown
Confessions on the 7:45,Psychological thriller,Unknown,Unknown,Unknown,In development,English,,,,,Unknown,Unknown
Death Note,Supernatural drama,Unknown,Unknown,Unknown,In development,English,,,,,Unknown,Unknown
Dumped,Comedy,Unknown,Unknown,Unknown,In development,English,,,,,Unknown,Unknown
East of Eden,Drama miniseries,Unknown,Unknown,Unknown,In development,English,,,,,Unknown,Unknown
El cuco de cristal,Drama thriller,Unknown,Unknown,Unknown,In development,English,,,,,Unknown,Unknown
Fatherhood,Comedy drama,Unknown,Unknown,Unknown,In development,English,,,,,Unknown,Unknown
"Forever, Interrupted",Drama miniseries,Unknown,Unknown,Unknown,In development,English,,,,,Unknown,Unknown
The Grays,Gothic,Unknown,Unknown,Unknown,In development,English,,,,,Unknown,Unknown
Happy Place,Romantic comedy,Unknown,Unknown,Unknown,In development,English,,,,,Unknown,Unknown
The Hated,Western,Unknown,Unknown,Unknown,In development,English,,,,,Unknown,Unknown
The Henna Artist,Drama,Unknown,Unknown,Unknown,In development,English,,,,,Unknown,Unknown
Last Samurai Standing,Japanese language drama,Unknown,Unknown,Unknown,In development,English,,,,,Unknown,Unknown
Little Sky,Comedy,Unknown,Unknown,Unknown,In development,English,,,,,Unknown,Unknown
Mind MGMT,Thriller,Unknown,Unknown,Unknown,In development,English,,,,,Unknown,Unknown
Minor Threats,Superhero,Unknown,Unknown,Unknown,In development,English,,,,,Unknown,Unknown
Nocterra,Science fiction,Unknown,Unknown,Unknown,In development,English,,,,,Unknown,Unknown
One Day in December,Romance drama,Unknown,Unknown,Unknown,In development,English,,,,,Unknown,Unknown
Our Love Is Here to Stay,Biopic/musical comedy,Unknown,Unknown,Unknown,In development,English,,,,,Unknown,Unknown
Princess of South Beach,Teen drama,Unknown,Unknown,Unknown,In development,English,,,,,Unknown,Unknown
Revenge Inc.,Drama,Unknown,Unknown,Unknown,In development,English,,,,,Unknown,Unknown
Something Is Killing the Children,Horror,Unknown,Unknown,Unknown,In development,English,,,,,Unknown,Unknown
Son of a Donkey,Comedy,Unknown,Unknown,Unknown,In development,English,,,,,Unknown,Unknown
Stronger,Drama,Unknown,Unknown,Unknown,In development,English,,,,,Unknown,Unknown
They'll Never Catch Us,Thriller,Unknown,Unknown,Unknown,In development,English,,,,,Unknown,Unknown
Untitled Charlie and the Chocolate Factory reality series,Reality competition,Unknown,Unknown,Unknown,In development,English,,,,,Unknown,Unknown
Untitled A Different World sequel series,Comedy,Unknown,Unknown,Unknown,In development,English,,,,,Unknown,Unknown
"Untitled ""Daddy Ball"" series",Drama,Unknown,Unknown,Unknown,In development,English,,,,,Unknown,Unknown
Untitled Frank Sinatra biopic series,Biopic,Unknown,Unknown,Unknown,In development,English,,,,,Unknown,Unknown
Untitled Jeffrey Addiss and Will Matthews series,TBA,Unknown,Unknown,Unknown,In development,English,,,,,Unknown,Unknown
Untitled John F. Kennedy miniseries,Biopic miniseries,Unknown,Unknown,Unknown,In development,English,,,,,Unknown,Unknown
Untitled Julio Iglesias series,Biopic,Unknown,Unknown,Unknown,In development,English,,,,,Unknown,Unknown
Untitled Main Line murders series,Crime drama,Unknown,Unknown,Unknown,In development,English,,,,,Unknown,Unknown
Untitled Matt Rife series,Workplace comedy,Unknown,Unknown,Unknown,In development,English,,,,,Unknown,Unknown
Untitled Maya and the Three-related series,Animated fantasy miniseries,Unknown,Unknown,Unknown,In development,English,,,,,Unknown,Unknown
Untitled Minecraft series,Animated adventure,Unknown,Unknown,Unknown,In development,English,,,,,Unknown,Unknown
Untitled Myron Bolitar series,Mystery drama,Unknown,Unknown,Unknown,In development,English,,,,,Unknown,Unknown
Untitled Owen Hanson docuseries,True crime docuseries,Unknown,Unknown,Unknown,In development,English,,,,,Unknown,Unknown
Untitled Prince Harry and Meghan Markle scripted series,Drama,Unknown,Unknown,Unknown,In development,English,,,,,Unknown,Unknown
Untitled Regina Hicks project,Comedy,Unknown,Unknown,Unknown,In development,English,,,,,Unknown,Unknown
Untitled Scooby-Doo series,Teen mystery,Unknown,Unknown,Unknown,In development,English,,,,,Unknown,Unknown
Untitled Simon Riske series,Spy thriller,Unknown,Unknown,Unknown,In development,English,,,,,Unknown,Unknown
Untitled spiritual procedural series,Crime procedural/Supernatural,Unknown,Unknown,Unknown,In development,English,,,,,Unknown,Unknown
Untitled Stranger Things spin-off series,Science fiction drama,Unknown,Unknown,Unknown,In development,English,,,,,Unknown,Unknown
Untitled U2 biopic series,Biopic,Unknown,Unknown,Unknown,In development,English,,,,,Unknown,Unknown
Untitled Virgin River prequel,Romantic drama,Unknown,Unknown,Unknown,In development,English,,,,,Unknown,Unknown
Yasuke,Period drama,Unknown,Unknown,Unknown,In development,English,,,,,Unknown,Unknown
